observed_packet_detection_rate,drop_rate,total_detected,total_attacks,final_buffer_utilization,final_throughput,p,lambda,rep
0.0,0.0,0,0,0.0,0.0,0.3,0.1,0
0.3333333333333333,0.0,50,3,0.0,0.0,0.3,0.1,1
0.24,0.0,24,2,0.0,0.0,0.3,0.1,2
0.38,0.0,19,1,0.0,0.0,0.3,0.1,3
0.3,0.0,15,1,0.0,0.0,0.3,0.1,4
0.0,0.0,0,0,0.0,0.0,0.3,0.1,5
0.0,0.0,0,0,0.0,0.0,0.3,0.1,6
0.36,0.0,18,1,0.0,0.0,0.3,0.1,7
0.32,0.0,16,1,0.0,0.0,0.3,0.1,8
0.28,0.0,14,1,0.0,0.0,0.3,0.1,9
0.345,0.0,69,4,0.0,0.0,0.3,0.1,10
0.0,0.0,0,0,0.0,0.0,0.3,0.1,11
0.22,0.0,11,1,0.0,0.0,0.3,0.1,12
0.35,0.0,35,2,0.0,0.0,0.3,0.1,13
0.32,0.0,16,1,0.0,0.0,0.3,0.1,14
0.3,0.0,15,1,0.0,0.0,0.3,0.1,15
0.0,0.0,0,0,0.0,0.0,0.3,0.1,16
0.42,0.0,21,1,0.0,0.0,0.3,0.1,17
0.3,0.0,15,1,0.0,0.0,0.3,0.1,18
0.26,0.0,39,3,0.0,0.0,0.3,0.1,19
0.0,0.0,0,0,0.0,0.0,0.3,0.1,20
0.0,0.0,0,0,0.0,0.0,0.3,0.1,21
0.28,0.0,14,1,0.0,0.0,0.3,0.1,22
0.0,0.0,0,0,0.0,0.0,0.3,0.1,23
0.0,0.0,0,0,0.0,0.0,0.3,0.1,24
0.42,0.0,21,1,0.0,0.0,0.3,0.1,25
0.32,0.0,16,1,0.0,0.0,0.3,0.1,26
0.22,0.0,11,1,0.0,0.0,0.3,0.1,27
0.0,0.0,0,0,0.0,0.0,0.3,0.1,28
0.33,0.0,33,2,0.0,0.0,0.3,0.1,29
0.275,0.0,55,4,0.0,0.0,0.3,0.5,0
0.284,0.0,71,5,0.0,0.0,0.3,0.5,1
0.29,0.0,87,6,0.0,0.0,0.3,0.5,2
0.30857142857142855,0.0,108,7,0.0,0.0,0.3,0.5,3
0.316,0.0,79,5,0.0,0.0,0.3,0.5,4
0.34,0.0,102,6,0.0,0.0,0.3,0.5,5
0.285,0.0,57,4,0.0,0.0,0.3,0.5,6
0.34,0.0,68,4,0.0,0.0,0.3,0.5,7
0.38,0.0,19,1,0.0,0.0,0.3,0.5,8
0.3333333333333333,0.0,50,3,0.0,0.0,0.3,0.5,9
0.19333333333333333,0.0,29,3,0.0,0.0,0.3,0.5,10
0.23333333333333334,0.0,35,3,0.0,0.0,0.3,0.5,11
0.29,0.0,58,4,0.0,0.0,0.3,0.5,12
0.2733333333333333,0.0,41,3,0.0,0.0,0.3,0.5,13
0.31,0.0,124,8,0.0,0.0,0.3,0.5,14
0.28,0.0,56,4,0.0,0.0,0.3,0.5,15
0.37,0.0,74,4,0.0,0.0,0.3,0.5,16
0.37,0.0,37,2,0.0,0.0,0.3,0.5,17
0.31,0.0,62,4,0.0,0.0,0.3,0.5,18
0.29,0.0,58,4,0.0,0.0,0.3,0.5,19
0.29,0.0,87,6,0.0,0.0,0.3,0.5,20
0.308,0.0,77,5,0.0,0.0,0.3,0.5,21
0.284,0.0,71,5,0.0,0.0,0.3,0.5,22
0.284,0.0,71,5,0.0,0.0,0.3,0.5,23
0.312,0.0,78,5,0.0,0.0,0.3,0.5,24
0.25333333333333335,0.0,38,3,0.0,0.0,0.3,0.5,25
0.2833333333333333,0.0,85,6,0.0,0.0,0.3,0.5,26
0.25333333333333335,0.0,38,3,0.0,0.0,0.3,0.5,27
0.2733333333333333,0.0,41,3,0.0,0.0,0.3,0.5,28
0.312,0.0,78,5,0.0,0.0,0.3,0.5,29
0.2914285714285714,0.0,102,7,0.0,0.0,0.3,1.0,0
0.275,0.0,165,12,0.0,0.0,0.3,1.0,1
0.3175,0.0,127,8,0.0,0.0,0.3,1.0,2
0.2963636363636364,0.0,163,11,0.0,0.0,0.3,1.0,3
0.31,0.0,186,12,0.0,0.0,0.3,1.0,4
0.3046153846153846,0.0,198,13,0.0,0.0,0.3,1.0,5
0.294,0.0,147,10,0.0,0.0,0.3,1.0,6
0.29833333333333334,0.0,179,12,0.0,0.0,0.3,1.0,7
0.3075,0.0,123,8,0.0,0.0,0.3,1.0,8
0.30133333333333334,0.0,226,15,0.0,0.0,0.3,1.0,9
0.32,0.0,128,8,0.0,0.0,0.3,1.0,10
0.33,0.0,99,6,0.0,0.0,0.3,1.0,11
0.31777777777777777,0.0,143,9,0.0,0.0,0.3,1.0,12
0.32769230769230767,0.0,213,13,0.0,0.0,0.3,1.0,13
0.326,0.0,163,10,0.0,0.0,0.3,1.0,14
0.32545454545454544,0.0,179,11,0.0,0.0,0.3,1.0,15
0.29333333333333333,0.0,132,9,0.0,0.0,0.3,1.0,16
0.3022222222222222,0.0,136,9,0.0,0.0,0.3,1.0,17
0.3157142857142857,0.0,221,14,0.0,0.0,0.3,1.0,18
0.285,0.0,114,8,0.0,0.0,0.3,1.0,19
0.29,0.0,174,12,0.0,0.0,0.3,1.0,20
0.34,0.0,136,8,0.0,0.0,0.3,1.0,21
0.2963636363636364,0.0,163,11,0.0,0.0,0.3,1.0,22
0.2927272727272727,0.0,161,11,0.0,0.0,0.3,1.0,23
0.2822222222222222,0.0,127,9,0.0,0.0,0.3,1.0,24
0.27636363636363637,0.0,152,11,0.0,0.0,0.3,1.0,25
0.30666666666666664,0.0,138,10,0.0,0.0,0.3,1.0,26
0.27,0.0,135,10,0.0,0.0,0.3,1.0,27
0.274,0.0,137,11,0.0,0.0,0.3,1.0,28
0.30857142857142855,0.0,216,14,0.0,0.0,0.3,1.0,29
0.4866666666666667,0.0,73,3,0.0,0.0,0.45,0.1,0
0.5,0.0,25,1,0.0,0.0,0.45,0.1,1
0.34,0.0,17,1,0.0,0.0,0.45,0.1,2
0.44,0.0,22,1,0.0,0.0,0.45,0.1,3
0.0,0.0,0,0,0.0,0.0,0.45,0.1,4
0.4,0.0,20,1,0.0,0.0,0.45,0.1,5
0.44,0.0,22,1,0.0,0.0,0.45,0.1,6
0.0,0.0,0,0,0.0,0.0,0.45,0.1,7
0.37,0.0,37,2,0.0,0.0,0.45,0.1,8
0.5,0.0,25,1,0.0,0.0,0.45,0.1,9
0.45,0.0,45,2,0.0,0.0,0.45,0.1,10
0.0,0.0,0,0,0.0,0.0,0.45,0.1,11
0.48,0.0,24,1,0.0,0.0,0.45,0.1,12
0.52,0.0,26,1,0.0,0.0,0.45,0.1,13
0.58,0.0,29,1,0.0,0.0,0.45,0.1,14
0.48,0.0,24,1,0.0,0.0,0.45,0.1,15
0.46,0.0,23,1,0.0,0.0,0.45,0.1,16
0.5,0.0,25,1,0.0,0.0,0.45,0.1,17
0.0,0.0,0,0,0.0,0.0,0.45,0.1,18
0.0,0.0,0,0,0.0,0.0,0.45,0.1,19
0.44,0.0,44,2,0.0,0.0,0.45,0.1,20
0.5,0.0,25,1,0.0,0.0,0.45,0.1,21
0.4,0.0,60,3,0.0,0.0,0.45,0.1,22
0.0,0.0,0,0,0.0,0.0,0.45,0.1,23
0.42,0.0,42,2,0.0,0.0,0.45,0.1,24
0.44,0.0,22,1,0.0,0.0,0.45,0.1,25
0.0,0.0,0,0,0.0,0.0,0.45,0.1,26
0.36,0.0,18,1,0.0,0.0,0.45,0.1,27
0.0,0.0,0,0,0.0,0.0,0.45,0.1,28
0.49333333333333335,0.0,74,3,0.0,0.0,0.45,0.1,29
0.4775,0.0,191,8,0.0,0.0,0.45,0.5,0
0.425,0.0,170,8,0.0,0.0,0.45,0.5,1
0.484,0.0,242,10,0.0,0.0,0.45,0.5,2
0.41333333333333333,0.0,124,6,0.0,0.0,0.45,0.5,3
0.45,0.0,45,2,0.0,0.0,0.45,0.5,4
0.43,0.0,43,2,0.0,0.0,0.45,0.5,5
0.435,0.0,87,4,0.0,0.0,0.45,0.5,6
0.48,0.0,168,7,0.0,0.0,0.45,0.5,7
0.4066666666666667,0.0,61,3,0.0,0.0,0.45,0.5,8
0.54,0.0,54,2,0.0,0.0,0.45,0.5,9
0.46,0.0,92,4,0.0,0.0,0.45,0.5,10
0.47333333333333333,0.0,71,3,0.0,0.0,0.45,0.5,11
0.45,0.0,135,6,0.0,0.0,0.45,0.5,12
0.43454545454545457,0.0,239,11,0.0,0.0,0.45,0.5,13
0.4444444444444444,0.0,200,9,0.0,0.0,0.45,0.5,14
0.4575,0.0,183,8,0.0,0.0,0.45,0.5,15
0.445,0.0,89,4,0.0,0.0,0.45,0.5,16
0.43,0.0,172,8,0.0,0.0,0.45,0.5,17
0.475,0.0,95,4,0.0,0.0,0.45,0.5,18
0.488,0.0,122,5,0.0,0.0,0.45,0.5,19
0.4742857142857143,0.0,166,7,0.0,0.0,0.45,0.5,20
0.412,0.0,103,5,0.0,0.0,0.45,0.5,21
0.54,0.0,81,3,0.0,0.0,0.45,0.5,22
0.465,0.0,93,4,0.0,0.0,0.45,0.5,23
0.4266666666666667,0.0,64,3,0.0,0.0,0.45,0.5,24
0.38,0.0,19,1,0.0,0.0,0.45,0.5,25
0.475,0.0,95,4,0.0,0.0,0.45,0.5,26
0.408,0.0,102,5,0.0,0.0,0.45,0.5,27
0.4825,0.0,193,8,0.0,0.0,0.45,0.5,28
0.452,0.0,226,10,0.0,0.0,0.45,0.5,29
0.4490909090909091,0.0,247,11,0.0,0.0,0.45,1.0,0
0.472,0.0,236,10,0.0,0.0,0.45,1.0,1
0.41714285714285715,0.0,146,7,0.0,0.0,0.45,1.0,2
0.432,0.0,324,15,0.0,0.0,0.45,1.0,3
0.44461538461538463,0.0,289,13,0.0,0.0,0.45,1.0,4
0.4675,0.0,187,8,0.0,0.0,0.45,1.0,5
0.44461538461538463,0.0,289,13,0.0,0.0,0.45,1.0,6
0.4876923076923077,0.0,317,13,0.0,0.0,0.45,1.0,7
0.4685714285714286,0.0,164,7,0.0,0.0,0.45,1.0,8
0.4471428571428571,0.0,313,14,0.0,0.0,0.45,1.0,9
0.4757142857142857,0.0,333,14,0.0,0.0,0.45,1.0,10
0.452,0.0,339,15,0.0,0.0,0.45,1.0,11
0.4425,0.0,177,8,0.0,0.0,0.45,1.0,12
0.442,0.0,221,10,0.0,0.0,0.45,1.0,13
0.415,0.0,249,12,0.0,0.0,0.45,1.0,14
0.486,0.0,243,10,0.0,0.0,0.45,1.0,15
0.508,0.0,254,10,0.0,0.0,0.45,1.0,16
0.44666666666666666,0.0,201,9,0.0,0.0,0.45,1.0,17
0.452,0.0,226,10,0.0,0.0,0.45,1.0,18
0.46,0.0,253,11,0.0,0.0,0.45,1.0,19
0.44,0.0,176,8,0.0,0.0,0.45,1.0,20
0.47714285714285715,0.0,167,7,0.0,0.0,0.45,1.0,21
0.472,0.0,118,5,0.0,0.0,0.45,1.0,22
0.47333333333333333,0.0,213,9,0.0,0.0,0.45,1.0,23
0.45692307692307693,0.0,297,13,0.0,0.0,0.45,1.0,24
0.4533333333333333,0.0,136,6,0.0,0.0,0.45,1.0,25
0.43333333333333335,0.0,130,6,0.0,0.0,0.45,1.0,26
0.4688888888888889,0.0,211,9,0.0,0.0,0.45,1.0,27
0.4575,0.0,183,8,0.0,0.0,0.45,1.0,28
0.44,0.0,264,12,0.0,0.0,0.45,1.0,29
0.66,0.0,33,1,0.0,0.0,0.55,0.1,0
0.62,0.0,31,1,0.0,0.0,0.55,0.1,1
0.0,0.0,0,0,0.0,0.0,0.55,0.1,2
0.56,0.0,28,1,0.0,0.0,0.55,0.1,3
0.63,0.0,63,2,0.0,0.0,0.55,0.1,4
0.57,0.0,57,2,0.0,0.0,0.55,0.1,5
0.0,0.0,0,0,0.0,0.0,0.55,0.1,6
0.0,0.0,0,0,0.0,0.0,0.55,0.1,7
0.68,0.0,34,1,0.0,0.0,0.55,0.1,8
0.0,0.0,0,0,0.0,0.0,0.55,0.1,9
0.44,0.0,22,1,0.0,0.0,0.55,0.1,10
0.0,0.0,0,0,0.0,0.0,0.55,0.1,11
0.0,0.0,0,0,0.0,0.0,0.55,0.1,12
0.0,0.0,0,0,0.0,0.0,0.55,0.1,13
0.0,0.0,0,0,0.0,0.0,0.55,0.1,14
0.0,0.0,0,0,0.0,0.0,0.55,0.1,15
0.62,0.0,31,1,0.0,0.0,0.55,0.1,16
0.0,0.0,0,0,0.0,0.0,0.55,0.1,17
0.66,0.0,33,1,0.0,0.0,0.55,0.1,18
0.44,0.0,22,1,0.0,0.0,0.55,0.1,19
0.54,0.0,27,1,0.0,0.0,0.55,0.1,20
0.0,0.0,0,0,0.0,0.0,0.55,0.1,21
0.58,0.0,29,1,0.0,0.0,0.55,0.1,22
0.52,0.0,26,1,0.0,0.0,0.55,0.1,23
0.0,0.0,0,0,0.0,0.0,0.55,0.1,24
0.61,0.0,61,2,0.0,0.0,0.55,0.1,25
0.0,0.0,0,0,0.0,0.0,0.55,0.1,26
0.0,0.0,0,0,0.0,0.0,0.55,0.1,27
0.4,0.0,20,1,0.0,0.0,0.55,0.1,28
0.54,0.0,27,1,0.0,0.0,0.55,0.1,29
0.49333333333333335,0.0,74,3,0.0,0.0,0.55,0.5,0
0.62,0.0,62,2,0.0,0.0,0.55,0.5,1
0.5266666666666666,0.0,79,3,0.0,0.0,0.55,0.5,2
0.56,0.0,56,2,0.0,0.0,0.55,0.5,3
0.57,0.0,171,6,0.0,0.0,0.55,0.5,4
0.5311111111111111,0.0,239,9,0.0,0.180224,0.55,0.5,5
0.0,0.0,0,0,0.0,0.0,0.55,0.5,6
0.59,0.0,177,6,0.0,0.0,0.55,0.5,7
0.588,0.0,147,5,0.0,0.0,0.55,0.5,8
0.51,0.0,51,2,0.0,0.0,0.55,0.5,9
0.58,0.0,116,4,0.0,0.0,0.55,0.5,10
0.5666666666666667,0.0,85,3,0.0,0.0,0.55,0.5,11
0.55,0.0,220,8,0.0,0.0,0.55,0.5,12
0.5,0.0,50,2,0.0,0.0,0.55,0.5,13
0.52,0.0,130,5,0.0,0.0,0.55,0.5,14
0.5766666666666667,0.0,173,6,0.0,0.0,0.55,0.5,15
0.52,0.0,130,5,0.0,0.0,0.55,0.5,16
0.48,0.0,48,2,0.0,0.0,0.55,0.5,17
0.5342857142857143,0.0,187,7,0.0,0.0,0.55,0.5,18
0.5488888888888889,0.0,247,9,0.0,0.0,0.55,0.5,19
0.54,0.0,162,6,0.0,0.0,0.55,0.5,20
0.54,0.0,54,2,0.0,0.0,0.55,0.5,21
0.51,0.0,102,4,0.0,0.0,0.55,0.5,22
0.58,0.0,58,2,0.0,0.0,0.55,0.5,23
0.58,0.0,145,5,0.0,0.0,0.55,0.5,24
0.56,0.0,28,1,0.0,0.0,0.55,0.5,25
0.5866666666666667,0.0,88,3,0.0,0.0,0.55,0.5,26
0.5725,0.0,229,8,0.0,0.2048,0.55,0.5,27
0.56,0.0,140,5,0.0,0.0,0.55,0.5,28
0.545,0.0,109,4,0.0,0.0,0.55,0.5,29
0.5275,0.0,211,8,0.0,0.0,0.55,1.0,0
0.6,0.0,210,7,0.0,0.0,0.55,1.0,1
0.5485714285714286,0.0,384,14,0.0,0.0,0.55,1.0,2
0.512,0.0,128,5,0.0,0.0,0.55,1.0,3
0.6,0.0,180,6,0.0,0.0,0.55,1.0,4
0.5707692307692308,0.0,371,13,0.0,0.0,0.55,1.0,5
0.505,0.0,101,4,0.0,0.0,0.55,1.0,6
0.512,0.0,128,5,0.0,0.0,0.55,1.0,7
0.5828571428571429,0.0,204,7,0.0,0.0,0.55,1.0,8
0.56,0.0,252,9,0.0,0.0,0.55,1.0,9
0.5257142857142857,0.0,368,14,0.0,0.0,0.55,1.0,10
0.58,0.0,348,12,0.0,0.0,0.55,1.0,11
0.54875,0.0,439,16,0.0,0.0,0.55,1.0,12
0.5366666666666666,0.0,161,6,0.0,0.0,0.55,1.0,13
0.54,0.0,189,7,0.0,0.262144,0.55,1.0,14
0.5476923076923077,0.0,356,13,0.0,0.0,0.55,1.0,15
0.53,0.0,106,4,0.0,0.0,0.55,1.0,16
0.545,0.0,218,8,0.0,0.0,0.55,1.0,17
0.5327272727272727,0.0,293,11,0.0,0.0,0.55,1.0,18
0.5971428571428572,0.0,209,7,0.0,0.0,0.55,1.0,19
0.54,0.0,189,7,0.0,0.0,0.55,1.0,20
0.55,0.0,330,12,0.0,0.0,0.55,1.0,21
0.5584615384615385,0.0,363,13,0.0,0.0,0.55,1.0,22
0.5355555555555556,0.0,241,9,0.0,0.0,0.55,1.0,23
0.5366666666666666,0.0,161,6,0.0,0.0,0.55,1.0,24
0.524,0.0,262,10,0.0,0.0,0.55,1.0,25
0.5633333333333334,0.0,169,6,0.0,0.0,0.55,1.0,26
0.54,0.0,243,9,0.0,0.0,0.55,1.0,27
0.5633333333333334,0.0,169,6,0.0,0.0,0.55,1.0,28
0.545,0.0,218,8,0.0,0.0,0.55,1.0,29
0.0,0.0,0,0,0.0,0.0,0.7,0.1,0
0.7,0.0,70,2,0.0,0.0,0.7,0.1,1
0.0,0.0,0,0,0.0,0.0,0.7,0.1,2
0.8,0.0,80,2,0.0,0.0,0.7,0.1,3
0.0,0.0,0,0,0.0,0.0,0.7,0.1,4
0.79,0.0,79,2,0.0,0.0,0.7,0.1,5
0.8,0.0,40,1,0.0,0.0,0.7,0.1,6
0.75,0.0,75,2,0.0,0.0,0.7,0.1,7
0.7,0.0,70,2,0.0,0.0,0.7,0.1,8
0.0,0.0,0,0,0.0,0.0,0.7,0.1,9
0.0,0.0,0,0,0.0,0.0,0.7,0.1,10
0.72,0.0,72,2,0.0,0.0,0.7,0.1,11
0.0,0.0,0,0,0.0,0.0,0.7,0.1,12
0.68,0.0,34,1,0.0,0.0,0.7,0.1,13
0.0,0.0,0,0,0.0,0.0,0.7,0.1,14
0.71,0.0,71,2,0.0,0.0,0.7,0.1,15
0.8,0.0,40,1,0.0,0.0,0.7,0.1,16
0.75,0.0,75,2,0.0,0.0,0.7,0.1,17
0.72,0.0,36,1,0.0,0.0,0.7,0.1,18
0.0,0.0,0,0,0.0,0.0,0.7,0.1,19
0.65,0.0,65,2,0.0,0.0,0.7,0.1,20
0.72,0.0,72,2,0.0,0.0,0.7,0.1,21
0.0,0.0,0,0,0.0,0.0,0.7,0.1,22
0.75,0.0,75,2,0.0,0.0,0.7,0.1,23
0.0,0.0,0,0,0.0,0.0,0.7,0.1,24
0.7,0.0,35,1,0.0,0.0,0.7,0.1,25
0.0,0.0,0,0,0.0,0.0,0.7,0.1,26
0.71,0.0,142,4,0.0,0.0,0.7,0.1,27
0.72,0.0,36,1,0.0,0.0,0.7,0.1,28
0.78,0.0,39,1,0.0,0.0,0.7,0.1,29
0.6371428571428571,0.0,223,7,0.0,0.0,0.7,0.5,0
0.745,0.0,149,4,0.0,0.0,0.7,0.5,1
0.6933333333333334,0.0,104,4,0.0,0.0,0.7,0.5,2
0.6733333333333333,0.0,101,3,0.0,0.0,0.7,0.5,3
0.6971428571428572,0.0,244,7,0.0,0.0,0.7,0.5,4
0.6825,0.0,273,8,0.0,0.0,0.7,0.5,5
0.74,0.0,111,3,0.0,0.0,0.7,0.5,6
0.7133333333333334,0.0,107,3,0.0,0.0,0.7,0.5,7
0.692,0.0,173,5,0.0,0.0,0.7,0.5,8
0.71,0.0,355,10,0.0,0.0,0.7,0.5,9
0.7066666666666667,0.0,106,3,0.0,0.0,0.7,0.5,10
0.6942857142857143,0.0,243,7,0.0,0.0,0.7,0.5,11
0.66,0.0,99,3,0.0,0.0,0.7,0.5,12
0.67,0.0,67,2,0.0,0.0,0.7,0.5,13
0.6866666666666666,0.0,103,3,0.0,0.0,0.7,0.5,14
0.65,0.0,130,4,0.0,0.0,0.7,0.5,15
0.7233333333333334,0.0,217,6,0.0,0.0,0.7,0.5,16
0.695,0.0,139,4,0.0,0.0,0.7,0.5,17
0.7,0.0,245,7,0.0,0.0,0.7,0.5,18
0.685,0.0,137,4,0.0,0.0,0.7,0.5,19
0.74,0.0,74,2,0.0,0.0,0.7,0.5,20
0.6975,0.0,279,8,0.0,0.0,0.7,0.5,21
0.7433333333333333,0.0,223,6,0.0,0.0,0.7,0.5,22
0.7022222222222222,0.0,316,9,0.0,0.032768,0.7,0.5,23
0.7,0.0,35,1,0.0,0.0,0.7,0.5,24
0.6714285714285714,0.0,235,7,0.0,0.0,0.7,0.5,25
0.7,0.0,140,4,0.0,0.0,0.7,0.5,26
0.6971428571428572,0.0,244,7,0.0,0.0,0.7,0.5,27
0.66,0.0,165,5,0.0,0.0,0.7,0.5,28
0.6733333333333333,0.0,101,3,0.0,0.0,0.7,0.5,29
0.7,0.0,350,10,0.0,0.0,0.7,1.0,0
0.7181818181818181,0.0,395,11,0.0,0.0,0.7,1.0,1
0.74,0.0,296,8,0.0,0.0,0.7,1.0,2
0.7275,0.0,291,8,0.0,0.0,0.7,1.0,3
0.7,0.0,175,5,0.0,0.0,0.7,1.0,4
0.6907692307692308,0.0,449,13,0.0,0.0,0.7,1.0,5
0.6866666666666666,0.0,412,12,0.0,0.0,0.7,1.0,6
0.7061538461538461,0.0,459,13,0.0,0.0,0.7,1.0,7
0.705,0.0,282,8,0.0,0.0,0.7,1.0,8
0.676,0.0,338,10,0.0,0.0,0.7,1.0,9
0.6725,0.0,269,8,0.0,0.0,0.7,1.0,10
0.7325,0.0,293,8,0.0,0.0,0.7,1.0,11
0.6814285714285714,0.0,477,14,0.0,0.0,0.7,1.0,12
0.6925,0.0,277,8,0.0,0.0,0.7,1.0,13
0.69,0.0,276,8,0.0,0.0,0.7,1.0,14
0.7185714285714285,0.0,503,14,0.0,0.0,0.7,1.0,15
0.686,0.0,343,10,0.0,0.0,0.7,1.0,16
0.705,0.0,282,8,0.0,0.0,0.7,1.0,17
0.7366666666666667,0.0,221,6,0.0,0.0,0.7,1.0,18
0.7061538461538461,0.0,459,13,0.0,0.0,0.7,1.0,19
0.6909090909090909,0.0,380,11,0.0,0.0,0.7,1.0,20
0.67,0.0,402,12,0.0,0.0,0.7,1.0,21
0.67625,0.0,541,16,0.0,0.0,0.7,1.0,22
0.71,0.0,497,14,0.0,0.0,0.7,1.0,23
0.652,0.0,163,5,0.0,0.0,0.7,1.0,24
0.7485714285714286,0.0,262,7,0.0,0.0,0.7,1.0,25
0.6771428571428572,0.0,237,7,0.0,0.0,0.7,1.0,26
0.7111111111111111,0.0,320,9,0.0,0.0,0.7,1.0,27
0.6533333333333333,0.0,196,6,0.0,0.0,0.7,1.0,28
0.6766666666666666,0.0,406,12,0.0,0.0,0.7,1.0,29
0.8466666666666667,0.0,127,3,0.0,0.0,0.85,0.1,0
0.0,0.0,0,0,0.0,0.0,0.85,0.1,1
0.0,0.0,0,0,0.0,0.0,0.85,0.1,2
0.0,0.0,0,0,0.0,0.0,0.85,0.1,3
0.9,0.0,135,3,0.0,0.0,0.85,0.1,4
0.94,0.0,47,1,0.0,0.0,0.85,0.1,5
0.0,0.0,0,0,0.0,0.0,0.85,0.1,6
0.0,0.0,0,0,0.0,0.0,0.85,0.1,7
0.875,0.0,175,4,0.0,0.0,0.85,0.1,8
0.8666666666666667,0.0,130,3,0.0,0.0,0.85,0.1,9
0.8666666666666667,0.0,130,3,0.0,0.0,0.85,0.1,10
0.9,0.0,90,2,0.0,0.0,0.85,0.1,11
0.84,0.0,42,1,0.0,0.0,0.85,0.1,12
0.9,0.0,45,1,0.0,0.0,0.85,0.1,13
0.94,0.0,47,1,0.0,0.0,0.85,0.1,14
0.84,0.0,42,1,0.0,0.0,0.85,0.1,15
0.88,0.0,44,1,0.0,0.0,0.85,0.1,16
0.0,0.0,0,0,0.0,0.0,0.85,0.1,17
0.83,0.0,83,2,0.0,0.0,0.85,0.1,18
0.9,0.0,45,1,0.0,0.0,0.85,0.1,19
0.0,0.0,0,0,0.0,0.0,0.85,0.1,20
0.0,0.0,0,0,0.0,0.0,0.85,0.1,21
0.88,0.0,132,3,0.0,0.0,0.85,0.1,22
0.0,0.0,0,0,0.0,0.0,0.85,0.1,23
0.82,0.0,41,1,0.0,0.0,0.85,0.1,24
0.8,0.0,40,1,0.0,0.0,0.85,0.1,25
0.86,0.0,43,1,0.0,0.0,0.85,0.1,26
0.84,0.0,42,1,0.0,0.0,0.85,0.1,27
0.86,0.0,86,2,0.0,0.0,0.85,0.1,28
0.88,0.0,44,1,0.0,0.0,0.85,0.1,29
0.91,0.0,91,2,0.0,0.0,0.85,0.5,0
0.864,0.0,216,5,0.0,0.0,0.85,0.5,1
0.86,0.0,86,2,0.0,0.0,0.85,0.5,2
0.87,0.0,261,6,0.0,0.0,0.85,0.5,3
0.8466666666666667,0.0,254,6,0.0,0.0,0.85,0.5,4
0.84,0.0,42,2,0.0,0.0,0.85,0.5,5
0.8433333333333334,0.0,253,6,0.0,0.0,0.85,0.5,6
0.82,0.0,328,8,0.0,0.0,0.85,0.5,7
0.852,0.0,213,5,0.0,0.0,0.85,0.5,8
0.8314285714285714,0.0,291,7,0.0,0.0,0.85,0.5,9
0.8942857142857142,0.0,313,7,0.0,0.0,0.85,0.5,10
0.85,0.0,170,4,0.0,0.0,0.85,0.5,11
0.828,0.0,207,6,0.0,0.0,0.85,0.5,12
0.845,0.0,169,4,0.0,0.0,0.85,0.5,13
0.89,0.0,178,4,0.0,0.0,0.85,0.5,14
0.8533333333333334,0.0,128,3,0.0,0.0,0.85,0.5,15
0.852,0.0,213,5,0.0,0.065536,0.85,0.5,16
0.8514285714285714,0.0,298,7,0.0,0.0,0.85,0.5,17
0.84,0.0,252,6,0.0,0.0,0.85,0.5,18
0.8133333333333334,0.0,366,9,0.0,0.0,0.85,0.5,19
0.88,0.0,176,4,0.0,0.0,0.85,0.5,20
0.88,0.0,220,5,0.0,0.0,0.85,0.5,21
0.864,0.0,216,5,0.0,0.0,0.85,0.5,22
0.8342857142857143,0.0,292,7,0.0,0.0,0.85,0.5,23
0.87,0.0,348,8,0.0,0.0,0.85,0.5,24
0.885,0.0,177,4,0.0,0.0,0.85,0.5,25
0.8633333333333333,0.0,259,6,0.0,0.0,0.85,0.5,26
0.852,0.0,213,5,0.0,0.0,0.85,0.5,27
0.86,0.0,215,6,0.0,0.0,0.85,0.5,28
0.85,0.0,170,4,0.0,0.0,0.85,0.5,29
0.84,0.0,210,5,0.0,0.032768,0.85,1.0,0
0.8466666666666667,0.0,508,12,0.0,0.0,0.85,1.0,1
0.85,0.0,340,8,0.0,0.0,0.85,1.0,2
0.8563636363636363,0.0,471,11,0.0,0.0,0.85,1.0,3
0.8654545454545455,0.0,476,11,0.0,0.0,0.85,1.0,4
0.8363636363636363,0.0,460,11,0.0,0.0,0.85,1.0,5
0.868,0.0,217,5,0.0,0.0,0.85,1.0,6
0.835,0.0,334,8,0.0,0.0,0.85,1.0,7
0.8428571428571429,0.0,590,14,0.0,0.0,0.85,1.0,8
0.844,0.0,422,10,0.0,0.0,0.85,1.0,9
0.8425,0.0,674,16,0.0,0.0,0.85,1.0,10
0.8254545454545454,0.0,454,11,0.0,0.0,0.85,1.0,11
0.8644444444444445,0.0,389,9,0.0,0.0,0.85,1.0,12
0.8542857142857143,0.0,299,7,0.0,0.0,0.85,1.0,13
0.8366666666666667,0.0,753,18,0.0,0.0,0.85,1.0,14
0.8466666666666667,0.0,381,9,0.0,0.0,0.85,1.0,15
0.858,0.0,429,11,0.0,0.0,0.85,1.0,16
0.88,0.0,528,12,0.0,0.0,0.85,1.0,17
0.828,0.0,414,10,0.0,0.0,0.85,1.0,18
0.862,0.0,431,10,0.0,0.0,0.85,1.0,19
0.8254545454545454,0.0,454,11,0.0,0.0,0.85,1.0,20
0.85,0.0,425,10,0.0,0.0,0.85,1.0,21
0.8355555555555556,0.0,376,9,0.0,0.0,0.85,1.0,22
0.868,0.0,217,5,0.0,0.0,0.85,1.0,23
0.8571428571428571,0.0,600,14,0.0,0.0,0.85,1.0,24
0.8683333333333333,0.0,521,12,0.0,0.0,0.85,1.0,25
0.874,0.0,437,10,0.0,0.0,0.85,1.0,26
0.8872727272727273,0.0,488,11,0.0,0.0,0.85,1.0,27
0.8353846153846154,0.0,543,13,0.0,0.0,0.85,1.0,28
0.8466666666666667,0.0,254,6,0.0,0.0,0.85,1.0,29
0.0,0.0,0,0,0.0,0.0,0.9,0.1,0
0.91,0.0,91,2,0.0,0.0,0.9,0.1,1
0.9066666666666666,0.0,136,3,0.0,0.0,0.9,0.1,2
0.0,0.0,0,0,0.0,0.0,0.9,0.1,3
0.0,0.0,0,0,0.0,0.0,0.9,0.1,4
0.9,0.0,90,2,0.0,0.0,0.9,0.1,5
0.94,0.0,94,2,0.0,0.0,0.9,0.1,6
0.0,0.0,0,0,0.0,0.0,0.9,0.1,7
0.9,0.0,45,1,0.0,0.0,0.9,0.1,8
0.0,0.0,0,0,0.0,0.0,0.9,0.1,9
0.98,0.0,49,1,0.0,0.0,0.9,0.1,10
0.84,0.0,42,1,0.0,0.0,0.9,0.1,11
0.0,0.0,0,0,0.0,0.0,0.9,0.1,12
0.9266666666666666,0.0,139,3,0.0,0.0,0.9,0.1,13
0.0,0.0,0,0,0.0,0.0,0.9,0.1,14
0.88,0.0,176,4,0.0,0.0,0.9,0.1,15
0.91,0.0,91,2,0.0,0.0,0.9,0.1,16
0.92,0.0,92,2,0.0,0.0,0.9,0.1,17
0.89,0.0,89,2,0.0,0.0,0.9,0.1,18
0.94,0.0,47,1,0.0,0.0,0.9,0.1,19
0.0,0.0,0,0,0.0,0.0,0.9,0.1,20
0.88,0.0,44,1,0.0,0.0,0.9,0.1,21
0.0,0.0,0,0,0.0,0.0,0.9,0.1,22
0.0,0.0,0,0,0.0,0.0,0.9,0.1,23
0.0,0.0,0,0,0.0,0.0,0.9,0.1,24
0.9266666666666666,0.0,139,3,0.0,0.0,0.9,0.1,25
0.91,0.0,91,2,0.0,0.0,0.9,0.1,26
0.86,0.0,43,1,0.0,0.0,0.9,0.1,27
0.94,0.0,47,1,0.0,0.0,0.9,0.1,28
0.92,0.0,46,1,0.0,0.0,0.9,0.1,29
0.885,0.0,354,8,0.0,0.0,0.9,0.5,0
0.91,0.0,91,2,0.0,0.0,0.9,0.5,1
0.912,0.0,228,5,0.0,0.0,0.9,0.5,2
0.9033333333333333,0.0,271,6,0.0,0.0,0.9,0.5,3
0.9145454545454546,0.0,503,11,0.0,0.0,0.9,0.5,4
0.92,0.0,276,6,0.0,0.0,0.9,0.5,5
0.9333333333333333,0.0,140,3,0.0,0.0,0.9,0.5,6
0.905,0.0,181,4,0.0,0.0,0.9,0.5,7
0.915,0.0,183,4,0.0,0.0,0.9,0.5,8
0.8963636363636364,0.0,493,11,0.0,0.0,0.9,0.5,9
0.8914285714285715,0.0,312,7,0.0,0.04096,0.9,0.5,10
0.8971428571428571,0.0,314,7,0.0,0.0,0.9,0.5,11
0.8933333333333333,0.0,268,6,0.0,0.0,0.9,0.5,12
0.908,0.0,227,5,0.0,0.0,0.9,0.5,13
0.905,0.0,181,4,0.0,0.0,0.9,0.5,14
0.904,0.0,226,5,0.0,0.0,0.9,0.5,15
0.912,0.0,228,5,0.0,0.0,0.9,0.5,16
0.924,0.0,231,5,0.0,0.0,0.9,0.5,17
0.9333333333333333,0.0,140,3,0.0,0.0,0.9,0.5,18
0.9,0.0,135,3,0.0,0.0,0.9,0.5,19
0.89,0.0,89,2,0.0,0.0,0.9,0.5,20
0.865,0.0,173,5,0.0,0.0,0.9,0.5,21
0.9,0.0,315,7,0.0,0.0,0.9,0.5,22
0.94,0.0,94,2,0.0,0.0,0.9,0.5,23
0.86,0.0,86,2,0.0,0.0,0.9,0.5,24
0.9266666666666666,0.0,139,3,0.0,0.0,0.9,0.5,25
0.92,0.0,92,2,0.0,0.0,0.9,0.5,26
0.95,0.0,190,4,0.0,0.0,0.9,0.5,27
0.9085714285714286,0.0,318,7,0.0,0.0,0.9,0.5,28
0.89,0.0,89,2,0.0,0.0,0.9,0.5,29
0.9088888888888889,0.0,409,9,0.0,0.0,0.9,1.0,0
0.8977777777777778,0.0,404,9,0.0,0.0,0.9,1.0,1
0.91,0.0,455,10,0.0,0.0,0.9,1.0,2
0.9218181818181819,0.0,507,11,0.0,0.0,0.9,1.0,3
0.91,0.0,546,12,0.0,0.0,0.9,1.0,4
0.8888888888888888,0.0,400,9,0.0,0.0,0.9,1.0,5
0.9,0.0,270,6,0.0,0.0,0.9,1.0,6
0.8981818181818182,0.0,494,11,0.0,0.0,0.9,1.0,7
0.9166666666666666,0.0,275,6,0.0,0.0,0.9,1.0,8
0.8985714285714286,0.0,629,14,0.0,0.0,0.9,1.0,9
0.875,0.0,350,8,0.0,0.0,0.9,1.0,10
0.9,0.0,765,17,0.0,0.0,0.9,1.0,11
0.8771428571428571,0.0,307,7,0.0,0.0,0.9,1.0,12
0.898,0.0,449,10,0.0,0.0,0.9,1.0,13
0.9,0.0,585,13,0.0,0.0,0.9,1.0,14
0.914,0.0,457,10,0.0,0.0,0.9,1.0,15
0.916,0.0,229,5,0.0,0.0,0.9,1.0,16
0.8733333333333333,0.0,393,9,0.0,0.0,0.9,1.0,17
0.8925,0.0,357,8,0.0,0.0,0.9,1.0,18
0.8836363636363637,0.0,486,11,0.0,0.0,0.9,1.0,19
0.88,0.0,660,15,0.0,0.0,0.9,1.0,20
0.9044444444444445,0.0,407,9,0.0,0.0,0.9,1.0,21
0.914,0.0,457,10,0.0,0.0,0.9,1.0,22
0.91,0.0,364,9,0.0,0.0,0.9,1.0,23
0.8969230769230769,0.0,583,13,0.0,0.0,0.9,1.0,24
0.888,0.0,222,5,0.0,0.0,0.9,1.0,25
0.8981818181818182,0.0,494,11,0.0,0.0,0.9,1.0,26
0.8844444444444445,0.0,398,9,0.0,0.0,0.9,1.0,27
0.9111111111111111,0.0,410,9,0.0,0.0,0.9,1.0,28
0.93,0.0,465,10,0.0,0.0,0.9,1.0,29
0.0,0.0,0,0,0.0,0.0,0.95,0.1,0
0.92,0.0,92,2,0.0,0.0,0.95,0.1,1
0.98,0.0,147,3,0.0,0.0,0.95,0.1,2
0.92,0.0,46,1,0.0,0.0,0.95,0.1,3
0.95,0.0,95,2,0.0,0.0,0.95,0.1,4
0.96,0.0,48,1,0.0,0.0,0.95,0.1,5
0.96,0.0,96,2,0.0,0.0,0.95,0.1,6
0.94,0.0,47,1,0.0,0.0,0.95,0.1,7
0.0,0.0,0,0,0.0,0.0,0.95,0.1,8
0.96,0.0,96,2,0.0,0.0,0.95,0.1,9
0.0,0.0,0,0,0.0,0.0,0.95,0.1,10
1.0,0.0,50,1,0.0,0.0,0.95,0.1,11
0.99,0.0,99,2,0.0,0.0,0.95,0.1,12
0.0,0.0,0,0,0.0,0.0,0.95,0.1,13
0.0,0.0,0,0,0.0,0.0,0.95,0.1,14
0.94,0.0,47,1,0.0,0.0,0.95,0.1,15
0.98,0.0,49,1,0.0,0.0,0.95,0.1,16
0.98,0.0,49,1,0.0,0.0,0.95,0.1,17
0.98,0.0,49,1,0.0,0.0,0.95,0.1,18
0.98,0.0,49,1,0.0,0.0,0.95,0.1,19
0.0,0.0,0,0,0.0,0.0,0.95,0.1,20
0.0,0.0,0,0,0.0,0.0,0.95,0.1,21
0.0,0.0,0,0,0.0,0.0,0.95,0.1,22
0.97,0.0,97,2,0.0,0.0,0.95,0.1,23
0.96,0.0,96,2,0.0,0.0,0.95,0.1,24
0.0,0.0,0,0,0.0,0.0,0.95,0.1,25
0.88,0.0,88,2,0.0,0.0,0.95,0.1,26
0.94,0.0,94,2,0.0,0.0,0.95,0.1,27
0.98,0.0,49,1,0.0,0.0,0.95,0.1,28
0.96,0.0,48,1,0.0,0.0,0.95,0.1,29
0.95,0.0,190,4,0.0,0.0,0.95,0.5,0
0.9333333333333333,0.0,420,9,0.0,0.0,0.95,0.5,1
0.9657142857142857,0.0,338,7,0.0,0.0,0.95,0.5,2
0.9428571428571428,0.0,330,7,0.0,0.0,0.95,0.5,3
0.96,0.0,96,2,0.0,0.008192,0.95,0.5,4
0.9466666666666667,0.0,142,3,0.0,0.0,0.95,0.5,5
0.964,0.0,241,5,0.0,0.0,0.95,0.5,6
0.93,0.0,93,2,0.0,0.04096,0.95,0.5,7
0.952,0.0,238,5,0.0,0.0,0.95,0.5,8
0.94,0.0,94,2,0.0,0.0,0.95,0.5,9
0.9542857142857143,0.0,334,7,0.0,0.0,0.95,0.5,10
0.965,0.0,193,4,0.0,0.0,0.95,0.5,11
0.9542857142857143,0.0,334,7,0.0,0.0,0.95,0.5,12
0.91,0.0,182,4,0.0,0.0,0.95,0.5,13
0.9509090909090909,0.0,523,11,0.0,0.0,0.95,0.5,14
0.92,0.0,230,5,0.0,0.0,0.95,0.5,15
0.95,0.0,95,2,0.0,0.0,0.95,0.5,16
0.92,0.0,46,1,0.0,0.0,0.95,0.5,17
0.96,0.0,144,3,0.0,0.0,0.95,0.5,18
0.9533333333333334,0.0,143,3,0.0,0.0,0.95,0.5,19
0.9418181818181818,0.0,518,11,0.0,0.0,0.95,0.5,20
0.9542857142857143,0.0,334,7,0.0,0.0,0.95,0.5,21
0.9733333333333334,0.0,146,3,0.0,0.0,0.95,0.5,22
0.932,0.0,233,5,0.0,0.0,0.95,0.5,23
0.95,0.0,285,6,0.0,0.0,0.95,0.5,24
0.9571428571428572,0.0,335,7,0.0,0.0,0.95,0.5,25
0.925,0.0,185,4,0.0,0.0,0.95,0.5,26
0.9666666666666667,0.0,145,3,0.0,0.0,0.95,0.5,27
0.96,0.0,480,10,0.0,0.0,0.95,0.5,28
0.9466666666666667,0.0,284,6,0.0,0.0,0.95,0.5,29
0.94,0.0,517,11,0.0,0.0,0.95,1.0,0
0.9436363636363636,0.0,519,11,0.0,0.0,0.95,1.0,1
0.955,0.0,382,8,0.0,0.0,0.95,1.0,2
0.956,0.0,239,5,0.0,0.0,0.95,1.0,3
0.9457142857142857,0.0,331,7,0.0,0.0,0.95,1.0,4
0.9525,0.0,381,8,0.0,0.0,0.95,1.0,5
0.908,0.0,227,5,0.0,0.0,0.95,1.0,6
0.9342857142857143,0.0,327,7,0.0,0.0,0.95,1.0,7
0.956,0.0,239,5,0.0,0.0,0.95,1.0,8
0.9525,0.0,381,8,0.0,0.0,0.95,1.0,9
0.9375,0.0,375,8,0.0,0.0,0.95,1.0,10
0.9483333333333334,0.0,569,12,0.0,0.0,0.95,1.0,11
0.9555555555555556,0.0,430,9,0.0,0.0,0.95,1.0,12
0.94,0.0,470,10,0.0,0.0,0.95,1.0,13
0.96,0.0,432,9,0.0,0.0,0.95,1.0,14
0.9426666666666667,0.0,707,16,0.0,0.0,0.95,1.0,15
0.9381818181818182,0.0,516,11,0.0,0.0,0.95,1.0,16
0.9657142857142857,0.0,338,7,0.0,0.0,0.95,1.0,17
0.9447058823529412,0.0,803,17,0.0,0.0,0.95,1.0,18
0.9666666666666667,0.0,290,6,0.0,0.0,0.95,1.0,19
0.938,0.0,469,10,0.0,0.0,0.95,1.0,20
0.9425,0.0,377,8,0.0,0.0,0.95,1.0,21
0.9490909090909091,0.0,522,11,0.0,0.0,0.95,1.0,22
0.9375,0.0,375,8,0.0,0.0,0.95,1.0,23
0.9516666666666667,0.0,571,12,0.0,0.0,0.95,1.0,24
0.9257142857142857,0.0,648,14,0.0,0.0,0.95,1.0,25
0.944,0.0,236,5,0.0,0.0,0.95,1.0,26
0.9533333333333334,0.0,429,9,0.0,0.0,0.95,1.0,27
0.9571428571428572,0.0,335,7,0.0,0.0,0.95,1.0,28
0.9528571428571428,0.0,667,14,0.0,0.0,0.95,1.0,29
